{
  "simulation_type": "dynamic",
  "timestamp": "2025-11-14T17:58:03.610019",
  "sample_size": 1560000,
  "results": {
    "average_wait_minutes": 52.20413454316063,
    "total_cost": 3069083940.882253,
    "total_km": 26398451.237590343,
    "passengers_served": 1546116,
    "passengers_failed": 13884,
    "cost_per_passenger": 1985.0282520084218
  }
}